<?xml version="1.0" encoding="UTF-8"?>

<!-- generated on 2023-03-02 18:16:13 by Eclipse SUMO netedit Version 1.15.0
<configuration xmlns:xsi="http://www.w3.org/2001/XMLSchema-instance" xsi:noNamespaceSchemaLocation="http://sumo.dlr.de/xsd/netconvertConfiguration.xsd">

    <input>
        <sumo-net-file value="C:\Users\ilkek\Desktop\scenic-sumo-min\map\3way.net.xml"/>
    </input>

    <output>
        <output-file value="C:\Users\ilkek\Desktop\scenic-sumo-min\map\3way_edit.net.xml"/>
    </output>

    <processing>
        <geometry.min-radius.fix.railways value="false"/>
        <geometry.max-grade.fix value="false"/>
        <offset.disable-normalization value="true"/>
        <lefthand value="0"/>
    </processing>

    <junctions>
        <no-turnarounds value="true"/>
        <junctions.corner-detail value="5"/>
        <junctions.limit-turn-speed value="5.50"/>
        <rectangular-lane-cut value="0"/>
    </junctions>

    <pedestrian>
        <walkingareas value="0"/>
    </pedestrian>

</configuration>
-->

<additional xmlns:xsi="http://www.w3.org/2001/XMLSchema-instance" xsi:noNamespaceSchemaLocation="http://sumo.dlr.de/xsd/additional_file.xsd">
    <tlLogic id="J8" type="static" programID="0" offset="0">
        <phase duration="39" state="GGgrrGGG"/>
        <phase duration="6" state="yyyrryyy"/>
        <phase duration="39" state="rrrGGGrr"/>
        <phase duration="6" state="rrryyyrr"/>
    </tlLogic>
</additional>
