<?xml version="1.0" encoding="UTF-8"?>

<!-- generated on 2023-03-23 05:49:16 by Eclipse SUMO netedit Version 1.15.0
<configuration xmlns:xsi="http://www.w3.org/2001/XMLSchema-instance" xsi:noNamespaceSchemaLocation="http://sumo.dlr.de/xsd/netconvertConfiguration.xsd">

    <input>
        <sumo-net-file value="C:\Users\ilkek\Desktop\scenic-sumo-min\map\allnetworksedit.net.xml"/>
    </input>

    <output>
        <output-file value="C:\Users\ilkek\Desktop\scenic-sumo-min\map\allnetworksedit.net.xml"/>
    </output>

    <processing>
        <geometry.min-radius.fix.railways value="false"/>
        <geometry.max-grade.fix value="false"/>
        <offset.disable-normalization value="true"/>
        <lefthand value="0"/>
    </processing>

    <junctions>
        <no-internal-links value="false"/>
        <no-turnarounds value="true"/>
        <junctions.corner-detail value="5"/>
        <junctions.limit-turn-speed value="5.50"/>
        <rectangular-lane-cut value="0"/>
    </junctions>

    <pedestrian>
        <walkingareas value="0"/>
    </pedestrian>

</configuration>
-->

<net version="1.9" junctionCornerDetail="5" limitTurnSpeed="5.50" xmlns:xsi="http://www.w3.org/2001/XMLSchema-instance" xsi:noNamespaceSchemaLocation="http://sumo.dlr.de/xsd/net_file.xsd">

    <location netOffset="0.00,0.00" convBoundary="-167.86,-1172.91,336.65,193.57" origBoundary="-10000000000.00,-10000000000.00,10000000000.00,10000000000.00" projParameter="!"/>

    <edge id=":J0_w0" function="walkingarea">
        <lane id=":J0_w0_0" index="0" allow="pedestrian" speed="1.00" length="16.00" width="3.20" shape="-167.84,186.95 -167.84,183.75 -167.88,202.95 -167.87,199.75"/>
    </edge>
    <edge id=":J10_w0" function="walkingarea">
        <lane id=":J10_w0_0" index="0" allow="pedestrian" speed="1.00" length="16.00" width="3.20" shape="-70.64,-400.20 -70.64,-403.40 -70.64,-384.20 -70.64,-387.40"/>
    </edge>
    <edge id=":J15_0" function="internal">
        <lane id=":J15_0_0" index="0" disallow="pedestrian" speed="6.86" length="10.16" shape="118.73,-382.79 118.34,-385.54 117.15,-387.51 115.18,-388.69 112.43,-389.08"/>
        <lane id=":J15_0_1" index="1" disallow="pedestrian" speed="8.29" length="15.33" shape="121.93,-382.79 121.34,-386.94 119.55,-389.91 116.58,-391.69 112.43,-392.28"/>
    </edge>
    <edge id=":J15_2" function="internal">
        <lane id=":J15_2_0" index="0" disallow="pedestrian" speed="13.89" length="22.20" shape="121.93,-382.79 121.93,-404.99"/>
    </edge>
    <edge id=":J15_3" function="internal">
        <lane id=":J15_3_0" index="0" disallow="pedestrian" speed="9.51" length="5.02" shape="121.93,-382.79 122.64,-387.75"/>
    </edge>
    <edge id=":J15_16" function="internal">
        <lane id=":J15_16_0" index="0" disallow="pedestrian" speed="9.51" length="15.47" shape="122.64,-387.75 122.72,-388.34 125.11,-392.31 129.07,-394.70 134.63,-395.49"/>
    </edge>
    <edge id=":J15_4" function="internal">
        <lane id=":J15_4_0" index="0" disallow="pedestrian" speed="6.86" length="10.16" shape="134.63,-389.09 131.87,-388.70 129.91,-387.51 128.72,-385.54 128.33,-382.79"/>
        <lane id=":J15_4_1" index="1" disallow="pedestrian" speed="8.29" length="15.32" shape="134.63,-392.29 130.47,-391.70 127.51,-389.91 125.72,-386.94 125.13,-382.79"/>
    </edge>
    <edge id=":J15_6" function="internal">
        <lane id=":J15_6_0" index="0" disallow="pedestrian" speed="13.89" length="22.20" shape="134.63,-392.29 112.43,-392.28"/>
    </edge>
    <edge id=":J15_7" function="internal">
        <lane id=":J15_7_0" index="0" disallow="pedestrian" speed="9.51" length="20.48" shape="134.63,-392.29 129.07,-393.08 125.11,-395.46 122.72,-399.43 121.93,-404.99"/>
    </edge>
    <edge id=":J15_8" function="internal">
        <lane id=":J15_8_0" index="0" disallow="pedestrian" speed="6.86" length="10.16" shape="128.33,-404.99 128.72,-402.23 129.91,-400.26 131.87,-399.08 134.63,-398.69"/>
        <lane id=":J15_8_1" index="1" disallow="pedestrian" speed="8.29" length="15.32" shape="125.13,-404.99 125.72,-400.83 127.50,-397.87 130.47,-396.08 134.63,-395.49"/>
    </edge>
    <edge id=":J15_10" function="internal">
        <lane id=":J15_10_0" index="0" disallow="pedestrian" speed="13.89" length="22.20" shape="125.13,-404.99 125.13,-382.79"/>
    </edge>
    <edge id=":J15_11" function="internal">
        <lane id=":J15_11_0" index="0" disallow="pedestrian" speed="9.51" length="5.01" shape="125.13,-404.99 124.42,-400.03"/>
    </edge>
    <edge id=":J15_17" function="internal">
        <lane id=":J15_17_0" index="0" disallow="pedestrian" speed="9.51" length="15.47" shape="124.42,-400.03 124.34,-399.43 121.95,-395.46 117.98,-393.08 112.43,-392.28"/>
    </edge>
    <edge id=":J15_12" function="internal">
        <lane id=":J15_12_0" index="0" disallow="pedestrian" speed="6.87" length="10.17" shape="112.42,-398.68 115.18,-399.08 117.15,-400.26 118.34,-402.23 118.73,-404.99"/>
        <lane id=":J15_12_1" index="1" disallow="pedestrian" speed="8.30" length="15.33" shape="112.42,-395.48 116.58,-396.08 119.55,-397.86 121.34,-400.83 121.93,-404.99"/>
    </edge>
    <edge id=":J15_14" function="internal">
        <lane id=":J15_14_0" index="0" disallow="pedestrian" speed="13.89" length="22.21" shape="112.42,-395.48 134.63,-395.49"/>
    </edge>
    <edge id=":J15_15" function="internal">
        <lane id=":J15_15_0" index="0" disallow="pedestrian" speed="9.51" length="20.49" shape="112.42,-395.48 117.98,-394.69 121.95,-392.31 124.34,-388.34 125.13,-382.79"/>
    </edge>
    <edge id=":J15_w0" function="walkingarea">
        <lane id=":J15_w0_0" index="0" allow="pedestrian" speed="1.00" length="4.38" width="3.20" shape="112.43,-387.48 112.43,-384.28 113.93,-382.79 117.13,-382.79 117.00,-384.22 116.61,-385.40 115.95,-386.31 115.04,-386.96 113.87,-387.35"/>
    </edge>
    <edge id=":J15_w1" function="walkingarea">
        <lane id=":J15_w1_0" index="0" allow="pedestrian" speed="1.00" length="4.39" width="3.20" shape="129.93,-382.79 133.13,-382.79 134.63,-384.29 134.63,-387.49 133.19,-387.36 132.02,-386.97 131.11,-386.31 130.45,-385.40 130.06,-384.22"/>
    </edge>
    <edge id=":J15_w2" function="walkingarea">
        <lane id=":J15_w2_0" index="0" allow="pedestrian" speed="1.00" length="4.38" width="3.20" shape="134.63,-400.29 134.63,-403.49 133.13,-404.99 129.93,-404.99 130.06,-403.55 130.45,-402.38 131.11,-401.47 132.02,-400.81 133.19,-400.42"/>
    </edge>
    <edge id=":J15_w3" function="walkingarea">
        <lane id=":J15_w3_0" index="0" allow="pedestrian" speed="1.00" length="4.39" width="3.20" shape="117.13,-404.99 113.93,-404.99 112.42,-403.48 112.42,-400.28 113.86,-400.42 115.04,-400.81 115.95,-401.46 116.61,-402.38 117.00,-403.55"/>
    </edge>
    <edge id=":J16_w0" function="walkingarea">
        <lane id=":J16_w0_0" index="0" allow="pedestrian" speed="1.00" length="16.00" width="3.20" shape="336.65,-387.49 336.65,-384.29 336.65,-403.49 336.65,-400.29"/>
    </edge>
    <edge id=":J17_w0" function="walkingarea">
        <lane id=":J17_w0_0" index="0" allow="pedestrian" speed="1.00" length="16.00" width="3.20" shape="117.13,-233.40 113.93,-233.40 133.13,-233.40 129.93,-233.40"/>
    </edge>
    <edge id=":J18_w0" function="walkingarea">
        <lane id=":J18_w0_0" index="0" allow="pedestrian" speed="1.00" length="16.00" width="3.20" shape="129.93,-577.13 133.13,-577.13 113.93,-577.13 117.13,-577.13"/>
    </edge>
    <edge id=":J19_0" function="internal">
        <lane id=":J19_0_0" index="0" disallow="pedestrian" speed="10.64" length="25.84" shape="115.02,-938.89 113.53,-941.66 109.09,-943.63 101.70,-944.79 91.36,-945.15"/>
    </edge>
    <edge id=":J19_1" function="internal">
        <lane id=":J19_1_0" index="0" disallow="pedestrian" speed="13.89" length="33.19" shape="115.02,-938.89 113.73,-943.80 109.91,-949.66 103.55,-956.47 94.67,-964.23"/>
    </edge>
    <edge id=":J19_2" function="internal">
        <lane id=":J19_2_0" index="0" disallow="pedestrian" speed="13.89" length="33.02" shape="115.02,-938.89 114.76,-971.90"/>
        <lane id=":J19_2_1" index="1" disallow="pedestrian" speed="13.89" length="33.02" shape="118.22,-938.91 117.96,-971.92"/>
    </edge>
    <edge id=":J19_4" function="internal">
        <lane id=":J19_4_0" index="0" disallow="pedestrian" speed="9.51" length="20.53" shape="118.22,-938.91 118.99,-944.48 121.35,-948.47 125.32,-950.87 130.89,-951.67"/>
    </edge>
    <edge id=":J19_5" function="internal">
        <lane id=":J19_5_0" index="0" disallow="pedestrian" speed="6.86" length="10.18" shape="130.91,-945.27 128.14,-944.87 126.18,-943.68 125.00,-941.71 124.62,-938.94"/>
    </edge>
    <edge id=":J19_6" function="internal">
        <lane id=":J19_6_0" index="0" disallow="pedestrian" speed="13.89" length="39.55" shape="130.91,-945.27 91.36,-945.15"/>
        <lane id=":J19_6_1" index="1" disallow="pedestrian" speed="13.89" length="39.55" shape="130.90,-948.47 91.34,-948.35"/>
    </edge>
    <edge id=":J19_8" function="internal">
        <lane id=":J19_8_0" index="0" disallow="pedestrian" speed="13.89" length="4.69" shape="130.90,-948.47 126.27,-949.17"/>
    </edge>
    <edge id=":J19_9" function="internal">
        <lane id=":J19_9_0" index="0" disallow="pedestrian" speed="11.41" length="2.86" shape="130.90,-948.47 128.13,-949.19"/>
    </edge>
    <edge id=":J19_25" function="internal">
        <lane id=":J19_25_0" index="0" disallow="pedestrian" speed="13.89" length="35.03" shape="126.27,-949.17 120.86,-949.98 112.53,-954.04 104.83,-959.87 96.68,-966.71"/>
    </edge>
    <edge id=":J19_26" function="internal">
        <lane id=":J19_26_0" index="0" disallow="pedestrian" speed="11.41" length="26.90" shape="128.13,-949.19 125.32,-949.93 121.30,-954.32 118.85,-961.65 117.96,-971.92"/>
    </edge>
    <edge id=":J19_10" function="internal">
        <lane id=":J19_10_0" index="0" disallow="pedestrian" speed="9.38" length="19.78" shape="124.36,-971.98 124.83,-964.49 126.07,-959.14 128.09,-955.94 130.89,-954.87"/>
    </edge>
    <edge id=":J19_11" function="internal">
        <lane id=":J19_11_0" index="0" disallow="pedestrian" speed="13.89" length="33.04" shape="124.36,-971.98 124.62,-938.94"/>
    </edge>
    <edge id=":J19_12" function="internal">
        <lane id=":J19_12_0" index="0" disallow="pedestrian" speed="13.89" length="48.39" shape="124.36,-971.98 122.39,-960.29 116.23,-951.92 105.89,-946.87 91.36,-945.15"/>
        <lane id=":J19_12_1" index="1" disallow="pedestrian" speed="13.61" length="43.23" shape="121.16,-971.95 119.38,-961.67 113.81,-954.30 104.47,-949.87 91.34,-948.35"/>
    </edge>
    <edge id=":J19_14" function="internal">
        <lane id=":J19_14_0" index="0" disallow="pedestrian" speed="9.70" length="32.63" shape="121.16,-971.95 118.91,-964.04 113.02,-960.83 105.08,-961.88 96.68,-966.71"/>
    </edge>
    <edge id=":J19_15" function="internal">
        <lane id=":J19_15_0" index="0" disallow="pedestrian" speed="7.64" length="19.65" shape="100.71,-971.68 106.90,-967.39 111.30,-966.00 113.92,-967.50 114.76,-971.90"/>
    </edge>
    <edge id=":J19_16" function="internal">
        <lane id=":J19_16_0" index="0" disallow="pedestrian" speed="13.89" length="36.61" shape="100.71,-971.68 108.23,-965.07 114.54,-959.72 121.48,-956.16 130.89,-954.87"/>
        <lane id=":J19_16_1" index="1" disallow="pedestrian" speed="13.89" length="36.61" shape="98.70,-969.20 106.53,-962.47 113.54,-956.88 121.17,-953.07 130.89,-951.67"/>
    </edge>
    <edge id=":J19_18" function="internal">
        <lane id=":J19_18_0" index="0" disallow="pedestrian" speed="13.89" length="38.78" shape="98.70,-969.20 108.61,-960.41 115.71,-952.44 119.98,-945.28 121.42,-938.92"/>
    </edge>
    <edge id=":J19_19" function="internal">
        <lane id=":J19_19_0" index="0" disallow="pedestrian" speed="8.86" length="29.54" shape="98.70,-969.20 103.30,-962.68 103.20,-955.89 99.02,-950.54 91.34,-948.35"/>
    </edge>
    <edge id=":J19_20" function="internal">
        <lane id=":J19_20_0" index="0" disallow="pedestrian" speed="7.01" length="17.84" shape="91.32,-954.75 97.14,-955.36 99.64,-957.15 98.81,-960.10 94.67,-964.23"/>
    </edge>
    <edge id=":J19_21" function="internal">
        <lane id=":J19_21_0" index="0" disallow="pedestrian" speed="11.92" length="32.90" shape="91.32,-954.75 101.63,-955.85 108.98,-959.08 113.35,-964.43 114.76,-971.90"/>
    </edge>
    <edge id=":J19_22" function="internal">
        <lane id=":J19_22_0" index="0" disallow="pedestrian" speed="13.89" length="39.56" shape="91.32,-954.75 130.89,-954.87"/>
        <lane id=":J19_22_1" index="1" disallow="pedestrian" speed="13.89" length="39.56" shape="91.33,-951.55 130.89,-951.67"/>
    </edge>
    <edge id=":J19_24" function="internal">
        <lane id=":J19_24_0" index="0" disallow="pedestrian" speed="12.42" length="11.68" shape="91.33,-951.55 102.99,-950.89"/>
    </edge>
    <edge id=":J19_27" function="internal">
        <lane id=":J19_27_0" index="0" disallow="pedestrian" speed="12.42" length="23.95" shape="102.99,-950.89 104.47,-950.80 113.86,-948.45 119.52,-944.49 121.42,-938.92"/>
    </edge>
    <edge id=":J19_w0" function="walkingarea">
        <lane id=":J19_w0_0" index="0" allow="pedestrian" speed="1.00" length="20.69" width="3.20" shape="91.36,-943.55 91.37,-940.35 110.22,-938.86 113.42,-938.88 112.80,-940.33 110.96,-941.51 107.90,-942.42 103.61,-943.07 98.10,-943.44"/>
    </edge>
    <edge id=":J19_w1" function="walkingarea">
        <lane id=":J19_w1_0" index="0" allow="pedestrian" speed="1.00" length="4.38" width="3.20" shape="126.22,-938.95 129.42,-938.97 130.92,-940.47 130.91,-943.67 129.47,-943.54 128.29,-943.14 127.38,-942.49 126.73,-941.57 126.35,-940.39"/>
    </edge>
    <edge id=":J19_w2" function="walkingarea">
        <lane id=":J19_w2_0" index="0" allow="pedestrian" speed="1.00" length="14.33" width="3.20" shape="130.88,-956.47 130.88,-959.67 129.16,-972.03 125.96,-972.00 126.14,-967.25 126.57,-963.37 127.26,-960.35 128.21,-958.19 129.42,-956.90"/>
    </edge>
    <edge id=":J19_w3" function="walkingarea">
        <lane id=":J19_w3_0" index="0" allow="pedestrian" speed="1.00" length="9.13" width="3.20" shape="113.16,-971.88 109.96,-971.85 103.74,-975.41 101.72,-972.93 105.24,-970.30 108.11,-968.66 110.34,-967.99 111.92,-968.31 112.86,-969.61"/>
    </edge>
    <edge id=":J19_w4" function="walkingarea">
        <lane id=":J19_w4_0" index="0" allow="pedestrian" speed="1.00" length="4.02" width="3.20" shape="93.66,-962.99 91.64,-960.50 91.31,-959.55 91.32,-956.35 92.43,-956.74 93.37,-957.75 94.05,-959.12 94.38,-960.61 94.28,-961.98"/>
    </edge>
    <edge id=":J2_0" function="internal">
        <lane id=":J2_0_0" index="0" disallow="pedestrian" speed="13.89" length="0.31" shape="-61.62,198.37 -61.93,198.37"/>
        <lane id=":J2_0_1" index="1" disallow="pedestrian" speed="13.89" length="0.31" shape="-61.62,195.17 -61.92,195.17"/>
    </edge>
    <edge id=":J2_2" function="internal">
        <lane id=":J2_2_0" index="0" disallow="pedestrian" speed="13.89" length="0.29" shape="-61.91,188.77 -61.62,188.77"/>
        <lane id=":J2_2_1" index="1" disallow="pedestrian" speed="13.89" length="0.29" shape="-61.92,191.97 -61.62,191.97"/>
    </edge>
    <edge id=":J2_w0" function="walkingarea">
        <lane id=":J2_w0_0" index="0" allow="pedestrian" speed="1.00" length="0.32" width="3.20" shape="-61.93,199.97 -61.94,203.17 -61.62,203.17 -61.62,199.97"/>
    </edge>
    <edge id=":J2_w1" function="walkingarea">
        <lane id=":J2_w1_0" index="0" allow="pedestrian" speed="1.00" length="0.28" width="3.20" shape="-61.62,187.17 -61.62,183.97 -61.90,183.97 -61.91,187.17"/>
    </edge>
    <edge id=":J20_w0" function="walkingarea">
        <lane id=":J20_w0_0" index="0" allow="pedestrian" speed="1.00" length="16.00" width="3.20" shape="322.71,-944.08 322.72,-940.88 322.68,-960.08 322.69,-956.88"/>
    </edge>
    <edge id=":J21_w0" function="walkingarea">
        <lane id=":J21_w0_0" index="0" allow="pedestrian" speed="1.00" length="16.00" width="3.20" shape="-135.32,-955.56 -135.33,-958.76 -135.27,-939.56 -135.28,-942.76"/>
    </edge>
    <edge id=":J22_w0" function="walkingarea">
        <lane id=":J22_w0_0" index="0" allow="pedestrian" speed="1.00" length="16.00" width="3.20" shape="114.49,-755.47 111.29,-755.45 130.49,-755.57 127.29,-755.55"/>
    </edge>
    <edge id=":J23_w0" function="walkingarea">
        <lane id=":J23_w0_0" index="0" allow="pedestrian" speed="1.00" length="16.00" width="3.20" shape="124.12,-1172.97 127.32,-1173.00 108.12,-1172.82 111.32,-1172.85"/>
    </edge>
    <edge id=":J24_w0" function="walkingarea">
        <lane id=":J24_w0_0" index="0" allow="pedestrian" speed="1.00" length="16.00" width="3.20" shape="-105.79,-1141.28 -103.77,-1143.77 -115.87,-1128.85 -113.85,-1131.34"/>
    </edge>
    <edge id=":J3_0" function="internal">
        <lane id=":J3_0_0" index="0" disallow="pedestrian" speed="13.89" length="4.02" shape="133.64,198.36 129.61,198.37"/>
        <lane id=":J3_0_1" index="1" disallow="pedestrian" speed="13.89" length="4.02" shape="133.62,195.16 129.61,195.17"/>
    </edge>
    <edge id=":J3_2" function="internal">
        <lane id=":J3_2_0" index="0" disallow="pedestrian" speed="13.89" length="3.98" shape="129.61,188.77 133.58,188.76"/>
        <lane id=":J3_2_1" index="1" disallow="pedestrian" speed="13.89" length="3.98" shape="129.61,191.97 133.60,191.96"/>
    </edge>
    <edge id=":J3_c0" function="crossing" crossingEdges="E3 -E3">
        <lane id=":J3_c0_0" index="0" allow="pedestrian" speed="1.00" length="12.80" width="4.00" shape="131.57,187.17 131.65,199.97"/>
    </edge>
    <edge id=":J3_w0" function="walkingarea">
        <lane id=":J3_w0_0" index="0" allow="pedestrian" speed="1.00" length="3.07" width="4.00" shape="129.61,199.97 129.61,203.17 133.67,203.16 133.65,199.96 129.65,199.98"/>
    </edge>
    <edge id=":J3_w1" function="walkingarea">
        <lane id=":J3_w1_0" index="0" allow="pedestrian" speed="1.00" length="3.01" width="4.00" shape="129.57,187.18 133.57,187.16 133.55,183.96 129.61,183.97 129.61,187.17"/>
    </edge>
    <edge id=":J4_w0" function="walkingarea">
        <lane id=":J4_w0_0" index="0" allow="pedestrian" speed="1.00" length="16.00" width="3.20" shape="334.00,198.65 334.02,201.85 333.90,182.65 333.92,185.85"/>
    </edge>
    <edge id=":J6_w0" function="walkingarea">
        <lane id=":J6_w0_0" index="0" allow="pedestrian" speed="1.00" length="16.00" width="3.20" shape="-68.35,1.96 -68.35,-1.24 -68.39,17.96 -68.39,14.76"/>
    </edge>
    <edge id=":J7_0" function="internal">
        <lane id=":J7_0_0" index="0" disallow="pedestrian" speed="13.89" length="22.23" shape="142.78,13.63 120.55,13.60"/>
        <lane id=":J7_0_1" index="1" disallow="pedestrian" speed="13.89" length="22.23" shape="142.78,10.43 120.56,10.40"/>
    </edge>
    <edge id=":J7_2" function="internal">
        <lane id=":J7_2_0" index="0" disallow="pedestrian" speed="9.51" length="5.05" shape="142.78,10.43 137.78,9.72"/>
    </edge>
    <edge id=":J7_8" function="internal">
        <lane id=":J7_8_0" index="0" disallow="pedestrian" speed="9.51" length="15.44" shape="137.78,9.72 137.22,9.64 133.25,7.25 130.87,3.28 130.08,-2.28"/>
    </edge>
    <edge id=":J7_3" function="internal">
        <lane id=":J7_3_0" index="0" disallow="pedestrian" speed="6.86" length="10.17" shape="136.48,-2.28 136.87,0.48 138.05,2.45 140.02,3.64 142.78,4.03"/>
    </edge>
    <edge id=":J7_4" function="internal">
        <lane id=":J7_4_0" index="0" disallow="pedestrian" speed="9.51" length="20.50" shape="133.28,-2.28 132.48,3.28 130.09,7.25 126.12,9.62 120.56,10.40"/>
    </edge>
    <edge id=":J7_5" function="internal">
        <lane id=":J7_5_0" index="0" disallow="pedestrian" speed="6.86" length="10.17" shape="120.57,4.00 123.33,3.62 125.30,2.44 126.49,0.47 126.88,-2.29"/>
    </edge>
    <edge id=":J7_6" function="internal">
        <lane id=":J7_6_0" index="0" disallow="pedestrian" speed="13.89" length="22.22" shape="120.57,4.00 142.78,4.03"/>
        <lane id=":J7_6_1" index="1" disallow="pedestrian" speed="13.89" length="22.22" shape="120.56,7.20 142.78,7.23"/>
    </edge>
    <edge id=":J7_w0" function="walkingarea">
        <lane id=":J7_w0_0" index="0" allow="pedestrian" speed="1.00" length="22.24" width="3.20" shape="120.54,15.20 120.54,18.40 142.78,18.43 142.78,15.23"/>
    </edge>
    <edge id=":J7_w1" function="walkingarea">
        <lane id=":J7_w1_0" index="0" allow="pedestrian" speed="1.00" length="4.38" width="3.20" shape="142.78,2.43 142.78,-0.77 141.28,-2.27 138.08,-2.27 138.21,-0.84 138.60,0.34 139.26,1.25 140.17,1.91 141.34,2.30"/>
    </edge>
    <edge id=":J7_w2" function="walkingarea">
        <lane id=":J7_w2_0" index="0" allow="pedestrian" speed="1.00" length="4.39" width="3.20" shape="125.28,-2.29 122.08,-2.29 120.58,-0.80 120.57,2.40 122.01,2.28 123.19,1.89 124.10,1.24 124.76,0.32 125.15,-0.85"/>
    </edge>
    <edge id=":J8_w0" function="walkingarea">
        <lane id=":J8_w0_0" index="0" allow="pedestrian" speed="1.00" length="16.00" width="3.20" shape="322.84,15.23 322.84,18.43 322.84,-0.77 322.84,2.43"/>
    </edge>
    <edge id=":J9_w0" function="walkingarea">
        <lane id=":J9_w0_0" index="0" allow="pedestrian" speed="1.00" length="16.00" width="3.20" shape="138.27,-151.15 141.47,-151.15 122.27,-151.17 125.47,-151.17"/>
    </edge>

    <edge id="-E0" from="J0" to="J2" priority="-1">
        <lane id="-E0_0" index="0" allow="pedestrian" speed="13.89" length="105.94" shape="-167.84,185.35 -61.90,185.57"/>
        <lane id="-E0_1" index="1" disallow="pedestrian" speed="13.89" length="105.94" shape="-167.85,188.55 -61.91,188.77"/>
        <lane id="-E0_2" index="2" disallow="pedestrian" speed="13.89" length="105.94" shape="-167.85,191.75 -61.92,191.97"/>
    </edge>
    <edge id="-E11" from="J15" to="J10" priority="-1">
        <lane id="-E11_0" index="0" allow="pedestrian" speed="13.89" length="183.07" shape="112.43,-385.88 -70.64,-385.80"/>
        <lane id="-E11_1" index="1" disallow="pedestrian" speed="13.89" length="183.07" shape="112.43,-389.08 -70.64,-389.00"/>
        <lane id="-E11_2" index="2" disallow="pedestrian" speed="13.89" length="183.07" shape="112.43,-392.28 -70.64,-392.20"/>
    </edge>
    <edge id="-E12" from="J16" to="J15" priority="-1">
        <lane id="-E12_0" index="0" allow="pedestrian" speed="13.89" length="202.02" shape="336.65,-385.89 134.63,-385.89"/>
        <lane id="-E12_1" index="1" disallow="pedestrian" speed="13.89" length="202.02" shape="336.65,-389.09 134.63,-389.09"/>
        <lane id="-E12_2" index="2" disallow="pedestrian" speed="13.89" length="202.02" shape="336.65,-392.29 134.63,-392.29"/>
    </edge>
    <edge id="-E13" from="J17" to="J15" priority="-1">
        <lane id="-E13_0" index="0" allow="pedestrian" speed="13.89" length="149.39" shape="115.53,-233.40 115.53,-382.79"/>
        <lane id="-E13_1" index="1" disallow="pedestrian" speed="13.89" length="149.39" shape="118.73,-233.40 118.73,-382.79"/>
        <lane id="-E13_2" index="2" disallow="pedestrian" speed="13.89" length="149.39" shape="121.93,-233.40 121.93,-382.79"/>
    </edge>
    <edge id="-E14" from="J18" to="J15" priority="-1">
        <lane id="-E14_0" index="0" allow="pedestrian" speed="13.89" length="172.14" shape="131.53,-577.13 131.53,-404.99"/>
        <lane id="-E14_1" index="1" disallow="pedestrian" speed="13.89" length="172.14" shape="128.33,-577.13 128.33,-404.99"/>
        <lane id="-E14_2" index="2" disallow="pedestrian" speed="13.89" length="172.14" shape="125.13,-577.13 125.13,-404.99"/>
    </edge>
    <edge id="-E15" from="J20" to="J19" priority="-1">
        <lane id="-E15_0" index="0" allow="pedestrian" speed="13.89" length="191.80" shape="322.72,-942.48 130.91,-942.07"/>
        <lane id="-E15_1" index="1" disallow="pedestrian" speed="13.89" length="191.80" shape="322.71,-945.68 130.91,-945.27"/>
        <lane id="-E15_2" index="2" disallow="pedestrian" speed="13.89" length="191.80" shape="322.70,-948.88 130.90,-948.47"/>
    </edge>
    <edge id="-E16" from="J21" to="J19" priority="-1">
        <lane id="-E16_0" index="0" allow="pedestrian" speed="13.89" length="226.64" shape="-135.33,-957.16 91.31,-957.95"/>
        <lane id="-E16_1" index="1" disallow="pedestrian" speed="13.89" length="226.64" shape="-135.32,-953.96 91.32,-954.75"/>
        <lane id="-E16_2" index="2" disallow="pedestrian" speed="13.89" length="226.64" shape="-135.31,-950.76 91.33,-951.55"/>
    </edge>
    <edge id="-E17" from="J22" to="J19" priority="-1">
        <lane id="-E17_0" index="0" allow="pedestrian" speed="13.89" length="183.41" shape="112.89,-755.46 111.82,-938.87"/>
        <lane id="-E17_1" index="1" disallow="pedestrian" speed="13.89" length="183.41" shape="116.09,-755.48 115.02,-938.89"/>
        <lane id="-E17_2" index="2" disallow="pedestrian" speed="13.89" length="183.41" shape="119.29,-755.50 118.22,-938.91"/>
    </edge>
    <edge id="-E18" from="J23" to="J19" priority="-1">
        <lane id="-E18_0" index="0" allow="pedestrian" speed="13.89" length="200.98" shape="125.72,-1172.98 127.56,-972.01"/>
        <lane id="-E18_1" index="1" disallow="pedestrian" speed="13.89" length="200.98" shape="122.52,-1172.95 124.36,-971.98"/>
        <lane id="-E18_2" index="2" disallow="pedestrian" speed="13.89" length="200.98" shape="119.32,-1172.92 121.16,-971.95"/>
    </edge>
    <edge id="-E19" from="J24" to="J19" priority="-1">
        <lane id="-E19_0" index="0" allow="pedestrian" speed="13.89" length="267.21" shape="-104.78,-1142.52 102.73,-974.17"/>
        <lane id="-E19_1" index="1" disallow="pedestrian" speed="13.89" length="267.21" shape="-106.80,-1140.04 100.71,-971.68"/>
        <lane id="-E19_2" index="2" disallow="pedestrian" speed="13.89" length="267.21" shape="-108.81,-1137.55 98.70,-969.20"/>
    </edge>
    <edge id="-E2" from="J3" to="J2" priority="-1">
        <lane id="-E2_0" index="0" allow="pedestrian" speed="13.89" length="191.23" shape="129.61,201.57 -61.62,201.57"/>
        <lane id="-E2_1" index="1" disallow="pedestrian" speed="13.89" length="191.23" shape="129.61,198.37 -61.62,198.37"/>
        <lane id="-E2_2" index="2" disallow="pedestrian" speed="13.89" length="191.23" shape="129.61,195.17 -61.62,195.17"/>
    </edge>
    <edge id="-E3" from="J4" to="J3" priority="-1">
        <lane id="-E3_0" index="0" allow="pedestrian" speed="13.89" length="200.36" shape="334.01,200.25 133.66,201.56"/>
        <lane id="-E3_1" index="1" disallow="pedestrian" speed="13.89" length="200.36" shape="333.99,197.05 133.64,198.36"/>
        <lane id="-E3_2" index="2" disallow="pedestrian" speed="13.89" length="200.36" shape="333.97,193.85 133.62,195.16"/>
    </edge>
    <edge id="-E4" from="J7" to="J6" priority="-1">
        <lane id="-E4_0" index="0" allow="pedestrian" speed="13.89" length="188.93" shape="120.54,16.80 -68.39,16.36"/>
        <lane id="-E4_1" index="1" disallow="pedestrian" speed="13.89" length="188.93" shape="120.55,13.60 -68.38,13.16"/>
        <lane id="-E4_2" index="2" disallow="pedestrian" speed="13.89" length="188.93" shape="120.56,10.40 -68.37,9.96"/>
    </edge>
    <edge id="-E5" from="J8" to="J7" priority="-1">
        <lane id="-E5_0" index="0" allow="pedestrian" speed="13.89" length="180.06" shape="322.84,16.83 142.78,16.83"/>
        <lane id="-E5_1" index="1" disallow="pedestrian" speed="13.89" length="180.06" shape="322.84,13.63 142.78,13.63"/>
        <lane id="-E5_2" index="2" disallow="pedestrian" speed="13.89" length="180.06" shape="322.84,10.43 142.78,10.43"/>
    </edge>
    <edge id="-E6" from="J9" to="J7" priority="-1">
        <lane id="-E6_0" index="0" allow="pedestrian" speed="13.89" length="148.88" shape="139.87,-151.15 139.68,-2.27"/>
        <lane id="-E6_1" index="1" disallow="pedestrian" speed="13.89" length="148.88" shape="136.67,-151.15 136.48,-2.28"/>
        <lane id="-E6_2" index="2" disallow="pedestrian" speed="13.89" length="148.88" shape="133.47,-151.16 133.28,-2.28"/>
    </edge>
    <edge id="E0" from="J2" to="J0" priority="-1">
        <lane id="E0_0" index="0" allow="pedestrian" speed="13.89" length="105.94" shape="-61.94,201.57 -167.87,201.35"/>
        <lane id="E0_1" index="1" disallow="pedestrian" speed="13.89" length="105.94" shape="-61.93,198.37 -167.87,198.15"/>
        <lane id="E0_2" index="2" disallow="pedestrian" speed="13.89" length="105.94" shape="-61.92,195.17 -167.86,194.95"/>
    </edge>
    <edge id="E11" from="J10" to="J15" priority="-1">
        <lane id="E11_0" index="0" allow="pedestrian" speed="13.89" length="183.07" shape="-70.64,-401.80 112.42,-401.88"/>
        <lane id="E11_1" index="1" disallow="pedestrian" speed="13.89" length="183.07" shape="-70.64,-398.60 112.42,-398.68"/>
        <lane id="E11_2" index="2" disallow="pedestrian" speed="13.89" length="183.07" shape="-70.64,-395.40 112.42,-395.48"/>
    </edge>
    <edge id="E12" from="J15" to="J16" priority="-1">
        <lane id="E12_0" index="0" allow="pedestrian" speed="13.89" length="202.02" shape="134.63,-401.89 336.65,-401.89"/>
        <lane id="E12_1" index="1" disallow="pedestrian" speed="13.89" length="202.02" shape="134.63,-398.69 336.65,-398.69"/>
        <lane id="E12_2" index="2" disallow="pedestrian" speed="13.89" length="202.02" shape="134.63,-395.49 336.65,-395.49"/>
    </edge>
    <edge id="E13" from="J15" to="J17" priority="-1">
        <lane id="E13_0" index="0" allow="pedestrian" speed="13.89" length="149.39" shape="131.53,-382.79 131.53,-233.40"/>
        <lane id="E13_1" index="1" disallow="pedestrian" speed="13.89" length="149.39" shape="128.33,-382.79 128.33,-233.40"/>
        <lane id="E13_2" index="2" disallow="pedestrian" speed="13.89" length="149.39" shape="125.13,-382.79 125.13,-233.40"/>
    </edge>
    <edge id="E14" from="J15" to="J18" priority="-1">
        <lane id="E14_0" index="0" allow="pedestrian" speed="13.89" length="172.14" shape="115.53,-404.99 115.53,-577.13"/>
        <lane id="E14_1" index="1" disallow="pedestrian" speed="13.89" length="172.14" shape="118.73,-404.99 118.73,-577.13"/>
        <lane id="E14_2" index="2" disallow="pedestrian" speed="13.89" length="172.14" shape="121.93,-404.99 121.93,-577.13"/>
    </edge>
    <edge id="E15" from="J19" to="J20" priority="-1">
        <lane id="E15_0" index="0" allow="pedestrian" speed="13.89" length="191.80" shape="130.88,-958.07 322.68,-958.48"/>
        <lane id="E15_1" index="1" disallow="pedestrian" speed="13.89" length="191.80" shape="130.89,-954.87 322.69,-955.28"/>
        <lane id="E15_2" index="2" disallow="pedestrian" speed="13.89" length="191.80" shape="130.89,-951.67 322.70,-952.08"/>
    </edge>
    <edge id="E16" from="J19" to="J21" priority="-1">
        <lane id="E16_0" index="0" allow="pedestrian" speed="13.89" length="226.64" shape="91.37,-941.95 -135.27,-941.16"/>
        <lane id="E16_1" index="1" disallow="pedestrian" speed="13.89" length="226.64" shape="91.36,-945.15 -135.28,-944.36"/>
        <lane id="E16_2" index="2" disallow="pedestrian" speed="13.89" length="226.64" shape="91.34,-948.35 -135.29,-947.56"/>
    </edge>
    <edge id="E17" from="J19" to="J22" priority="-1">
        <lane id="E17_0" index="0" allow="pedestrian" speed="13.89" length="183.41" shape="127.82,-938.96 128.89,-755.56"/>
        <lane id="E17_1" index="1" disallow="pedestrian" speed="13.89" length="183.41" shape="124.62,-938.94 125.69,-755.54"/>
        <lane id="E17_2" index="2" disallow="pedestrian" speed="13.89" length="183.41" shape="121.42,-938.92 122.49,-755.52"/>
    </edge>
    <edge id="E18" from="J19" to="J23" priority="-1">
        <lane id="E18_0" index="0" allow="pedestrian" speed="13.89" length="200.98" shape="111.56,-971.87 109.72,-1172.84"/>
        <lane id="E18_1" index="1" disallow="pedestrian" speed="13.89" length="200.98" shape="114.76,-971.90 112.92,-1172.87"/>
        <lane id="E18_2" index="2" disallow="pedestrian" speed="13.89" length="200.98" shape="117.96,-971.92 116.12,-1172.90"/>
    </edge>
    <edge id="E19" from="J19" to="J24" priority="-1">
        <lane id="E19_0" index="0" allow="pedestrian" speed="13.89" length="267.21" shape="92.65,-961.74 -114.86,-1130.10"/>
        <lane id="E19_1" index="1" disallow="pedestrian" speed="13.89" length="267.21" shape="94.67,-964.23 -112.84,-1132.58"/>
        <lane id="E19_2" index="2" disallow="pedestrian" speed="13.89" length="267.21" shape="96.68,-966.71 -110.83,-1135.07"/>
    </edge>
    <edge id="E2" from="J2" to="J3" priority="-1">
        <lane id="E2_0" index="0" allow="pedestrian" speed="13.89" length="191.23" shape="-61.62,185.57 129.61,185.57"/>
        <lane id="E2_1" index="1" disallow="pedestrian" speed="13.89" length="191.23" shape="-61.62,188.77 129.61,188.77"/>
        <lane id="E2_2" index="2" disallow="pedestrian" speed="13.89" length="191.23" shape="-61.62,191.97 129.61,191.97"/>
    </edge>
    <edge id="E3" from="J3" to="J4" priority="-1">
        <lane id="E3_0" index="0" allow="pedestrian" speed="13.89" length="200.36" shape="133.56,185.56 333.91,184.25"/>
        <lane id="E3_1" index="1" disallow="pedestrian" speed="13.89" length="200.36" shape="133.58,188.76 333.93,187.45"/>
        <lane id="E3_2" index="2" disallow="pedestrian" speed="13.89" length="200.36" shape="133.60,191.96 333.95,190.65"/>
    </edge>
    <edge id="E4" from="J6" to="J7" priority="-1">
        <lane id="E4_0" index="0" allow="pedestrian" speed="13.89" length="188.93" shape="-68.35,0.36 120.58,0.80"/>
        <lane id="E4_1" index="1" disallow="pedestrian" speed="13.89" length="188.93" shape="-68.36,3.56 120.57,4.00"/>
        <lane id="E4_2" index="2" disallow="pedestrian" speed="13.89" length="188.93" shape="-68.37,6.76 120.56,7.20"/>
    </edge>
    <edge id="E5" from="J7" to="J8" priority="-1">
        <lane id="E5_0" index="0" allow="pedestrian" speed="13.89" length="180.06" shape="142.78,0.83 322.84,0.83"/>
        <lane id="E5_1" index="1" disallow="pedestrian" speed="13.89" length="180.06" shape="142.78,4.03 322.84,4.03"/>
        <lane id="E5_2" index="2" disallow="pedestrian" speed="13.89" length="180.06" shape="142.78,7.23 322.84,7.23"/>
    </edge>
    <edge id="E6" from="J7" to="J9" priority="-1">
        <lane id="E6_0" index="0" allow="pedestrian" speed="13.89" length="148.88" shape="123.68,-2.29 123.87,-151.17"/>
        <lane id="E6_1" index="1" disallow="pedestrian" speed="13.89" length="148.88" shape="126.88,-2.29 127.07,-151.17"/>
        <lane id="E6_2" index="2" disallow="pedestrian" speed="13.89" length="148.88" shape="130.08,-2.28 130.27,-151.16"/>
    </edge>

    <junction id="J0" type="dead_end" x="-167.86" y="193.35" incLanes="E0_0 E0_1 E0_2" intLanes="" shape="-167.86,193.35 -167.88,202.95 -167.86,193.35"/>
    <junction id="J10" type="dead_end" x="-70.64" y="-393.80" incLanes="-E11_0 -E11_1 -E11_2" intLanes="" shape="-70.64,-393.80 -70.64,-384.20 -70.64,-393.80"/>
    <junction id="J15" type="priority" x="123.53" y="-393.89" incLanes="-E13_0 -E13_1 -E13_2 -E12_0 -E12_1 -E12_2 -E14_0 -E14_1 -E14_2 E11_0 E11_1 E11_2" intLanes=":J15_0_0 :J15_0_1 :J15_2_0 :J15_16_0 :J15_4_0 :J15_4_1 :J15_6_0 :J15_7_0 :J15_8_0 :J15_8_1 :J15_10_0 :J15_17_0 :J15_12_0 :J15_12_1 :J15_14_0 :J15_15_0" shape="113.93,-382.79 133.13,-382.79 133.30,-383.62 133.50,-383.91 133.80,-384.12 134.17,-384.25 134.63,-384.29 134.63,-403.49 133.80,-403.66 133.50,-403.87 133.30,-404.16 133.17,-404.53 133.13,-404.99 113.93,-404.99 113.76,-404.15 113.55,-403.86 113.26,-403.65 112.88,-403.53 112.42,-403.48 112.43,-384.28 113.26,-384.12 113.56,-383.91 113.76,-383.62 113.89,-383.24">
        <request index="0"  response="0000000000000000" foes="0000100001000000" cont="0"/>
        <request index="1"  response="0000000000000000" foes="0000100001000000" cont="0"/>
        <request index="2"  response="0000000000000000" foes="1111100011000000" cont="0"/>
        <request index="3"  response="0000011100000000" foes="1100011111000000" cont="1"/>
        <request index="4"  response="0000010000000000" foes="1000010000000000" cont="0"/>
        <request index="5"  response="0000010000000000" foes="1000010000000000" cont="0"/>
        <request index="6"  response="0000110000001111" foes="1000110000001111" cont="0"/>
        <request index="7"  response="0111110000001100" foes="0111110000001100" cont="0"/>
        <request index="8"  response="0000000000000000" foes="0100000000001000" cont="0"/>
        <request index="9"  response="0000000000000000" foes="0100000000001000" cont="0"/>
        <request index="10" response="0000000000000000" foes="1100000011111000" cont="0"/>
        <request index="11" response="0000000000000111" foes="1100000011000111" cont="1"/>
        <request index="12" response="0000000000000100" foes="0000000010000100" cont="0"/>
        <request index="13" response="0000000000000100" foes="0000000010000100" cont="0"/>
        <request index="14" response="0000111100001100" foes="0000111110001100" cont="0"/>
        <request index="15" response="0000110001111100" foes="0000110001111100" cont="0"/>
    </junction>
    <junction id="J16" type="dead_end" x="336.65" y="-393.89" incLanes="E12_0 E12_1 E12_2" intLanes="" shape="336.65,-393.89 336.65,-403.49 336.65,-393.89"/>
    <junction id="J17" type="dead_end" x="123.53" y="-233.40" incLanes="E13_0 E13_1 E13_2" intLanes="" shape="123.53,-233.40 133.13,-233.40 123.53,-233.40"/>
    <junction id="J18" type="dead_end" x="123.53" y="-577.13" incLanes="E14_0 E14_1 E14_2" intLanes="" shape="123.53,-577.13 113.93,-577.13 123.53,-577.13"/>
    <junction id="J19" type="priority" x="119.76" y="-950.05" incLanes="-E17_0 -E17_1 -E17_2 -E15_0 -E15_1 -E15_2 -E18_0 -E18_1 -E18_2 -E19_0 -E19_1 -E19_2 -E16_0 -E16_1 -E16_2" intLanes=":J19_0_0 :J19_1_0 :J19_2_0 :J19_2_1 :J19_4_0 :J19_5_0 :J19_6_0 :J19_6_1 :J19_25_0 :J19_26_0 :J19_10_0 :J19_11_0 :J19_12_0 :J19_12_1 :J19_14_0 :J19_15_0 :J19_16_0 :J19_16_1 :J19_18_0 :J19_19_0 :J19_20_0 :J19_21_0 :J19_22_0 :J19_22_1 :J19_27_0" shape="110.22,-938.86 129.42,-938.97 129.59,-939.80 129.79,-940.10 130.08,-940.31 130.46,-940.43 130.92,-940.47 130.88,-959.67 129.97,-961.04 129.64,-962.76 129.40,-965.16 129.24,-968.25 129.16,-972.03 109.96,-971.85 109.27,-971.58 108.41,-971.99 107.20,-972.77 105.64,-973.91 103.74,-975.41 91.64,-960.50 92.12,-959.98 92.14,-959.79 92.01,-959.66 91.73,-959.58 91.31,-959.55 91.37,-940.35 97.13,-940.33 101.84,-940.21 105.51,-940.01 108.13,-939.72 109.70,-939.33">
        <request index="0"  response="0000000000000000011000000" foes="0000000000011000011000000" cont="0"/>
        <request index="1"  response="1111100000000000011000000" foes="1111110000011000011000000" cont="0"/>
        <request index="2"  response="1111000110000001111000000" foes="1111001111111001111000000" cont="0"/>
        <request index="3"  response="1111000110000001111000000" foes="1111001111111001111000000" cont="0"/>
        <request index="4"  response="1110001110000101111000000" foes="1110001110000101111000000" cont="0"/>
        <request index="5"  response="0000000000000000000000000" foes="0000000000000100000000000" cont="0"/>
        <request index="6"  response="0000000000000000000000000" foes="1000011000011100000011111" cont="0"/>
        <request index="7"  response="0000000000000000000000000" foes="1000011000011100000011111" cont="0"/>
        <request index="8"  response="0111000000000000000000000" foes="0111011000111100000011100" cont="1"/>
        <request index="9"  response="0110000000000000000000000" foes="0110000110111100000011100" cont="1"/>
        <request index="10" response="0110000110000000000000000" foes="0110000110000000000000000" cont="0"/>
        <request index="11" response="0110000000000001111100000" foes="0110000110000001111110000" cont="0"/>
        <request index="12" response="1110000110000001111001111" foes="1110011110000001111001111" cont="0"/>
        <request index="13" response="1110000110000001111001111" foes="1110011110000001111001111" cont="0"/>
        <request index="14" response="0001000110000001100001100" foes="0001011110000001100001100" cont="0"/>
        <request index="15" response="0001000000000000000001100" foes="0001000000000000000001100" cont="0"/>
        <request index="16" response="0111000000000101000000000" foes="0111000000111111000011100" cont="0"/>
        <request index="17" response="0111000000000101000000000" foes="0111000000111111000011100" cont="0"/>
        <request index="18" response="1111000000111000111001100" foes="1111000000111000111011100" cont="0"/>
        <request index="19" response="1111000000111000111000010" foes="1111000000111000111000010" cont="0"/>
        <request index="20" response="0000000000000000000000000" foes="0000000000000000000000010" cont="0"/>
        <request index="21" response="0000000000000000000000000" foes="0000011111100000100001110" cont="0"/>
        <request index="22" response="0000000000000000000000000" foes="0000011110011111100011110" cont="0"/>
        <request index="23" response="0000000000000000000000000" foes="0000011110011111100011110" cont="0"/>
        <request index="24" response="0000000000000000011000000" foes="0000011000011000011011110" cont="1"/>
    </junction>
    <junction id="J2" type="priority" x="-61.77" y="193.57" incLanes="-E2_0 -E2_1 -E2_2 -E0_0 -E0_1 -E0_2" intLanes=":J2_0_0 :J2_0_1 :J2_2_0 :J2_2_1" shape="-61.62,203.17 -61.62,183.97 -61.90,183.97 -61.94,203.17">
        <request index="0" response="0000" foes="0000" cont="0"/>
        <request index="1" response="0000" foes="0000" cont="0"/>
        <request index="2" response="0000" foes="0000" cont="0"/>
        <request index="3" response="0000" foes="0000" cont="0"/>
    </junction>
    <junction id="J20" type="dead_end" x="322.70" y="-950.48" incLanes="E15_0 E15_1 E15_2" intLanes="" shape="322.70,-950.48 322.68,-960.08 322.70,-950.48"/>
    <junction id="J21" type="dead_end" x="-135.30" y="-949.16" incLanes="E16_0 E16_1 E16_2" intLanes="" shape="-135.30,-949.16 -135.27,-939.56 -135.30,-949.16"/>
    <junction id="J22" type="dead_end" x="120.89" y="-755.51" incLanes="E17_0 E17_1 E17_2" intLanes="" shape="120.89,-755.51 130.49,-755.57 120.89,-755.51"/>
    <junction id="J23" type="dead_end" x="117.72" y="-1172.91" incLanes="E18_0 E18_1 E18_2" intLanes="" shape="117.72,-1172.91 108.12,-1172.82 117.72,-1172.91"/>
    <junction id="J24" type="dead_end" x="-109.82" y="-1136.31" incLanes="E19_0 E19_1 E19_2" intLanes="" shape="-109.82,-1136.31 -115.87,-1128.85 -109.82,-1136.31"/>
    <junction id="J3" type="priority" x="131.61" y="193.57" incLanes="-E3_0 -E3_1 -E3_2 E2_0 E2_1 E2_2 :J3_w1_0" intLanes=":J3_0_0 :J3_0_1 :J3_2_0 :J3_2_1 :J3_c0_0" shape="133.67,203.16 133.55,183.96 129.61,183.97 129.61,203.17">
        <request index="0" response="00000" foes="10000" cont="0"/>
        <request index="1" response="00000" foes="10000" cont="0"/>
        <request index="2" response="00000" foes="10000" cont="0"/>
        <request index="3" response="00000" foes="10000" cont="0"/>
        <request index="4" response="01111" foes="01111" cont="0"/>
    </junction>
    <junction id="J4" type="dead_end" x="333.96" y="192.25" incLanes="E3_0 E3_1 E3_2" intLanes="" shape="333.96,192.25 333.90,182.65 333.96,192.25"/>
    <junction id="J6" type="dead_end" x="-68.37" y="8.36" incLanes="-E4_0 -E4_1 -E4_2" intLanes="" shape="-68.37,8.36 -68.39,17.96 -68.37,8.36"/>
    <junction id="J7" type="priority" x="131.67" y="8.83" incLanes="-E5_0 -E5_1 -E5_2 -E6_0 -E6_1 -E6_2 E4_0 E4_1 E4_2" intLanes=":J7_0_0 :J7_0_1 :J7_8_0 :J7_3_0 :J7_4_0 :J7_5_0 :J7_6_0 :J7_6_1" shape="142.78,18.43 142.78,-0.77 141.95,-0.94 141.66,-1.14 141.45,-1.44 141.32,-1.81 141.28,-2.27 122.08,-2.29 121.92,-1.46 121.71,-1.17 121.42,-0.96 121.04,-0.84 120.58,-0.80 120.54,18.40">
        <request index="0" response="00000000" foes="00010000" cont="0"/>
        <request index="1" response="00000000" foes="00010000" cont="0"/>
        <request index="2" response="11000000" foes="11010000" cont="1"/>
        <request index="3" response="11000000" foes="11000000" cont="0"/>
        <request index="4" response="11000111" foes="11000111" cont="0"/>
        <request index="5" response="00000000" foes="00000000" cont="0"/>
        <request index="6" response="00000000" foes="00011100" cont="0"/>
        <request index="7" response="00000000" foes="00011100" cont="0"/>
    </junction>
    <junction id="J8" type="dead_end" x="322.84" y="8.83" incLanes="E5_0 E5_1 E5_2" intLanes="" shape="322.84,8.83 322.84,-0.77 322.84,8.83"/>
    <junction id="J9" type="dead_end" x="131.87" y="-151.16" incLanes="E6_0 E6_1 E6_2" intLanes="" shape="131.87,-151.16 122.27,-151.17 131.87,-151.16"/>

    <junction id=":J15_16_0" type="internal" x="122.64" y="-387.75" incLanes=":J15_3_0 -E14_1 -E14_2" intLanes=":J15_6_0 :J15_7_0 :J15_8_0 :J15_8_1 :J15_10_0 :J15_14_0 :J15_15_0"/>
    <junction id=":J15_17_0" type="internal" x="124.42" y="-400.03" incLanes=":J15_11_0 -E13_1 -E13_2" intLanes=":J15_0_0 :J15_0_1 :J15_2_0 :J15_6_0 :J15_7_0 :J15_14_0 :J15_15_0"/>
    <junction id=":J19_25_0" type="internal" x="126.27" y="-949.17" incLanes=":J19_8_0 -E16_1 -E16_2" intLanes=":J19_1_0 :J19_2_0 :J19_2_1 :J19_4_0 :J19_11_0 :J19_12_0 :J19_12_1 :J19_14_0 :J19_18_0 :J19_19_0 :J19_20_0 :J19_21_0 :J19_22_0 :J19_22_1"/>
    <junction id=":J19_26_0" type="internal" x="128.13" y="-949.19" incLanes=":J19_9_0 -E16_1 -E16_2" intLanes=":J19_2_0 :J19_2_1 :J19_4_0 :J19_11_0 :J19_12_0 :J19_12_1 :J19_14_0 :J19_15_0 :J19_16_0 :J19_16_1 :J19_21_0 :J19_22_0 :J19_22_1"/>
    <junction id=":J19_27_0" type="internal" x="102.99" y="-950.89" incLanes=":J19_24_0 -E15_1 -E15_2" intLanes=":J19_1_0 :J19_2_0 :J19_2_1 :J19_4_0 :J19_5_0 :J19_6_0 :J19_6_1 :J19_11_0 :J19_12_0 :J19_12_1 :J19_18_0 :J19_19_0"/>
    <junction id=":J7_8_0" type="internal" x="137.78" y="9.72" incLanes=":J7_2_0 E4_1 E4_2" intLanes=":J7_4_0 :J7_6_0 :J7_6_1"/>

    <connection from="-E0" to="E2" fromLane="1" toLane="1" via=":J2_2_0" dir="s" state="M"/>
    <connection from="-E0" to="E2" fromLane="2" toLane="2" via=":J2_2_1" dir="s" state="M"/>
    <connection from="-E12" to="E13" fromLane="1" toLane="1" via=":J15_4_0" dir="r" state="m"/>
    <connection from="-E12" to="E13" fromLane="2" toLane="2" via=":J15_4_1" dir="r" state="m"/>
    <connection from="-E12" to="-E11" fromLane="2" toLane="2" via=":J15_6_0" dir="s" state="m"/>
    <connection from="-E12" to="E14" fromLane="2" toLane="2" via=":J15_7_0" dir="l" state="m"/>
    <connection from="-E13" to="-E11" fromLane="1" toLane="1" via=":J15_0_0" dir="r" state="M"/>
    <connection from="-E13" to="-E11" fromLane="2" toLane="2" via=":J15_0_1" dir="r" state="M"/>
    <connection from="-E13" to="E14" fromLane="2" toLane="2" via=":J15_2_0" dir="s" state="M"/>
    <connection from="-E13" to="E12" fromLane="2" toLane="2" via=":J15_3_0" dir="l" state="m"/>
    <connection from="-E14" to="E12" fromLane="1" toLane="1" via=":J15_8_0" dir="r" state="M"/>
    <connection from="-E14" to="E12" fromLane="2" toLane="2" via=":J15_8_1" dir="r" state="M"/>
    <connection from="-E14" to="E13" fromLane="2" toLane="2" via=":J15_10_0" dir="s" state="M"/>
    <connection from="-E14" to="-E11" fromLane="2" toLane="2" via=":J15_11_0" dir="l" state="m"/>
    <connection from="-E15" to="E17" fromLane="1" toLane="1" via=":J19_5_0" dir="r" state="M"/>
    <connection from="-E15" to="E16" fromLane="1" toLane="1" via=":J19_6_0" dir="s" state="M"/>
    <connection from="-E15" to="E16" fromLane="2" toLane="2" via=":J19_6_1" dir="s" state="M"/>
    <connection from="-E15" to="E19" fromLane="2" toLane="2" via=":J19_8_0" dir="L" state="m"/>
    <connection from="-E15" to="E18" fromLane="2" toLane="2" via=":J19_9_0" dir="l" state="m"/>
    <connection from="-E16" to="E19" fromLane="1" toLane="1" via=":J19_20_0" dir="r" state="M"/>
    <connection from="-E16" to="E18" fromLane="1" toLane="1" via=":J19_21_0" dir="r" state="M"/>
    <connection from="-E16" to="E15" fromLane="1" toLane="1" via=":J19_22_0" dir="s" state="M"/>
    <connection from="-E16" to="E15" fromLane="2" toLane="2" via=":J19_22_1" dir="s" state="M"/>
    <connection from="-E16" to="E17" fromLane="2" toLane="2" via=":J19_24_0" dir="l" state="m"/>
    <connection from="-E17" to="E16" fromLane="1" toLane="1" via=":J19_0_0" dir="r" state="m"/>
    <connection from="-E17" to="E19" fromLane="1" toLane="1" via=":J19_1_0" dir="R" state="m"/>
    <connection from="-E17" to="E18" fromLane="1" toLane="1" via=":J19_2_0" dir="s" state="m"/>
    <connection from="-E17" to="E18" fromLane="2" toLane="2" via=":J19_2_1" dir="s" state="m"/>
    <connection from="-E17" to="E15" fromLane="2" toLane="2" via=":J19_4_0" dir="l" state="m"/>
    <connection from="-E18" to="E15" fromLane="1" toLane="1" via=":J19_10_0" dir="r" state="m"/>
    <connection from="-E18" to="E17" fromLane="1" toLane="1" via=":J19_11_0" dir="s" state="m"/>
    <connection from="-E18" to="E16" fromLane="1" toLane="1" via=":J19_12_0" dir="l" state="m"/>
    <connection from="-E18" to="E16" fromLane="2" toLane="2" via=":J19_12_1" dir="l" state="m"/>
    <connection from="-E18" to="E19" fromLane="2" toLane="2" via=":J19_14_0" dir="l" state="m"/>
    <connection from="-E19" to="E18" fromLane="1" toLane="1" via=":J19_15_0" dir="r" state="m"/>
    <connection from="-E19" to="E15" fromLane="1" toLane="1" via=":J19_16_0" dir="s" state="m"/>
    <connection from="-E19" to="E15" fromLane="2" toLane="2" via=":J19_16_1" dir="s" state="m"/>
    <connection from="-E19" to="E17" fromLane="2" toLane="2" via=":J19_18_0" dir="L" state="m"/>
    <connection from="-E19" to="E16" fromLane="2" toLane="2" via=":J19_19_0" dir="l" state="m"/>
    <connection from="-E2" to="E0" fromLane="1" toLane="1" via=":J2_0_0" dir="s" state="M"/>
    <connection from="-E2" to="E0" fromLane="2" toLane="2" via=":J2_0_1" dir="s" state="M"/>
    <connection from="-E3" to="-E2" fromLane="1" toLane="1" via=":J3_0_0" dir="s" state="M"/>
    <connection from="-E3" to="-E2" fromLane="2" toLane="2" via=":J3_0_1" dir="s" state="M"/>
    <connection from="-E5" to="-E4" fromLane="1" toLane="1" via=":J7_0_0" dir="s" state="M"/>
    <connection from="-E5" to="-E4" fromLane="2" toLane="2" via=":J7_0_1" dir="s" state="M"/>
    <connection from="-E5" to="E6" fromLane="2" toLane="2" via=":J7_2_0" dir="l" state="m"/>
    <connection from="-E6" to="E5" fromLane="1" toLane="1" via=":J7_3_0" dir="r" state="m"/>
    <connection from="-E6" to="-E4" fromLane="2" toLane="2" via=":J7_4_0" dir="l" state="m"/>
    <connection from="E11" to="E14" fromLane="1" toLane="1" via=":J15_12_0" dir="r" state="m"/>
    <connection from="E11" to="E14" fromLane="2" toLane="2" via=":J15_12_1" dir="r" state="m"/>
    <connection from="E11" to="E12" fromLane="2" toLane="2" via=":J15_14_0" dir="s" state="m"/>
    <connection from="E11" to="E13" fromLane="2" toLane="2" via=":J15_15_0" dir="l" state="m"/>
    <connection from="E2" to="E3" fromLane="1" toLane="1" via=":J3_2_0" dir="s" state="M"/>
    <connection from="E2" to="E3" fromLane="2" toLane="2" via=":J3_2_1" dir="s" state="M"/>
    <connection from="E4" to="E6" fromLane="1" toLane="1" via=":J7_5_0" dir="r" state="M"/>
    <connection from="E4" to="E5" fromLane="1" toLane="1" via=":J7_6_0" dir="s" state="M"/>
    <connection from="E4" to="E5" fromLane="2" toLane="2" via=":J7_6_1" dir="s" state="M"/>

    <connection from=":J15_0" to="-E11" fromLane="0" toLane="1" dir="r" state="M"/>
    <connection from=":J15_0" to="-E11" fromLane="1" toLane="2" dir="r" state="M"/>
    <connection from=":J15_2" to="E14" fromLane="0" toLane="2" dir="s" state="M"/>
    <connection from=":J15_3" to="E12" fromLane="0" toLane="2" via=":J15_16_0" dir="l" state="m"/>
    <connection from=":J15_16" to="E12" fromLane="0" toLane="2" dir="l" state="M"/>
    <connection from=":J15_4" to="E13" fromLane="0" toLane="1" dir="r" state="M"/>
    <connection from=":J15_4" to="E13" fromLane="1" toLane="2" dir="r" state="M"/>
    <connection from=":J15_6" to="-E11" fromLane="0" toLane="2" dir="s" state="M"/>
    <connection from=":J15_7" to="E14" fromLane="0" toLane="2" dir="l" state="M"/>
    <connection from=":J15_8" to="E12" fromLane="0" toLane="1" dir="r" state="M"/>
    <connection from=":J15_8" to="E12" fromLane="1" toLane="2" dir="r" state="M"/>
    <connection from=":J15_10" to="E13" fromLane="0" toLane="2" dir="s" state="M"/>
    <connection from=":J15_11" to="-E11" fromLane="0" toLane="2" via=":J15_17_0" dir="l" state="m"/>
    <connection from=":J15_17" to="-E11" fromLane="0" toLane="2" dir="l" state="M"/>
    <connection from=":J15_12" to="E14" fromLane="0" toLane="1" dir="r" state="M"/>
    <connection from=":J15_12" to="E14" fromLane="1" toLane="2" dir="r" state="M"/>
    <connection from=":J15_14" to="E12" fromLane="0" toLane="2" dir="s" state="M"/>
    <connection from=":J15_15" to="E13" fromLane="0" toLane="2" dir="l" state="M"/>
    <connection from=":J19_0" to="E16" fromLane="0" toLane="1" dir="r" state="M"/>
    <connection from=":J19_1" to="E19" fromLane="0" toLane="1" dir="R" state="M"/>
    <connection from=":J19_2" to="E18" fromLane="0" toLane="1" dir="s" state="M"/>
    <connection from=":J19_2" to="E18" fromLane="1" toLane="2" dir="s" state="M"/>
    <connection from=":J19_4" to="E15" fromLane="0" toLane="2" dir="l" state="M"/>
    <connection from=":J19_5" to="E17" fromLane="0" toLane="1" dir="r" state="M"/>
    <connection from=":J19_6" to="E16" fromLane="0" toLane="1" dir="s" state="M"/>
    <connection from=":J19_6" to="E16" fromLane="1" toLane="2" dir="s" state="M"/>
    <connection from=":J19_8" to="E19" fromLane="0" toLane="2" via=":J19_25_0" dir="L" state="m"/>
    <connection from=":J19_25" to="E19" fromLane="0" toLane="2" dir="L" state="M"/>
    <connection from=":J19_9" to="E18" fromLane="0" toLane="2" via=":J19_26_0" dir="l" state="m"/>
    <connection from=":J19_26" to="E18" fromLane="0" toLane="2" dir="l" state="M"/>
    <connection from=":J19_10" to="E15" fromLane="0" toLane="1" dir="r" state="M"/>
    <connection from=":J19_11" to="E17" fromLane="0" toLane="1" dir="s" state="M"/>
    <connection from=":J19_12" to="E16" fromLane="0" toLane="1" dir="l" state="M"/>
    <connection from=":J19_12" to="E16" fromLane="1" toLane="2" dir="l" state="M"/>
    <connection from=":J19_14" to="E19" fromLane="0" toLane="2" dir="l" state="M"/>
    <connection from=":J19_15" to="E18" fromLane="0" toLane="1" dir="r" state="M"/>
    <connection from=":J19_16" to="E15" fromLane="0" toLane="1" dir="s" state="M"/>
    <connection from=":J19_16" to="E15" fromLane="1" toLane="2" dir="s" state="M"/>
    <connection from=":J19_18" to="E17" fromLane="0" toLane="2" dir="L" state="M"/>
    <connection from=":J19_19" to="E16" fromLane="0" toLane="2" dir="l" state="M"/>
    <connection from=":J19_20" to="E19" fromLane="0" toLane="1" dir="r" state="M"/>
    <connection from=":J19_21" to="E18" fromLane="0" toLane="1" dir="r" state="M"/>
    <connection from=":J19_22" to="E15" fromLane="0" toLane="1" dir="s" state="M"/>
    <connection from=":J19_22" to="E15" fromLane="1" toLane="2" dir="s" state="M"/>
    <connection from=":J19_24" to="E17" fromLane="0" toLane="2" via=":J19_27_0" dir="l" state="m"/>
    <connection from=":J19_27" to="E17" fromLane="0" toLane="2" dir="l" state="M"/>
    <connection from=":J2_0" to="E0" fromLane="0" toLane="1" dir="s" state="M"/>
    <connection from=":J2_0" to="E0" fromLane="1" toLane="2" dir="s" state="M"/>
    <connection from=":J2_2" to="E2" fromLane="0" toLane="1" dir="s" state="M"/>
    <connection from=":J2_2" to="E2" fromLane="1" toLane="2" dir="s" state="M"/>
    <connection from=":J3_0" to="-E2" fromLane="0" toLane="1" dir="s" state="M"/>
    <connection from=":J3_0" to="-E2" fromLane="1" toLane="2" dir="s" state="M"/>
    <connection from=":J3_2" to="E3" fromLane="0" toLane="1" dir="s" state="M"/>
    <connection from=":J3_2" to="E3" fromLane="1" toLane="2" dir="s" state="M"/>
    <connection from=":J7_0" to="-E4" fromLane="0" toLane="1" dir="s" state="M"/>
    <connection from=":J7_0" to="-E4" fromLane="1" toLane="2" dir="s" state="M"/>
    <connection from=":J7_2" to="E6" fromLane="0" toLane="2" via=":J7_8_0" dir="l" state="m"/>
    <connection from=":J7_8" to="E6" fromLane="0" toLane="2" dir="l" state="M"/>
    <connection from=":J7_3" to="E5" fromLane="0" toLane="1" dir="r" state="M"/>
    <connection from=":J7_4" to="-E4" fromLane="0" toLane="2" dir="l" state="M"/>
    <connection from=":J7_5" to="E6" fromLane="0" toLane="1" dir="r" state="M"/>
    <connection from=":J7_6" to="E5" fromLane="0" toLane="1" dir="s" state="M"/>
    <connection from=":J7_6" to="E5" fromLane="1" toLane="2" dir="s" state="M"/>

    <connection from=":J0_w0" to="-E0" fromLane="0" toLane="0" dir="s" state="M"/>
    <connection from="E0" to=":J0_w0" fromLane="0" toLane="0" dir="s" state="M"/>
    <connection from=":J10_w0" to="E11" fromLane="0" toLane="0" dir="s" state="M"/>
    <connection from="-E11" to=":J10_w0" fromLane="0" toLane="0" dir="s" state="M"/>
    <connection from=":J15_w0" to="-E11" fromLane="0" toLane="0" dir="s" state="M"/>
    <connection from="-E13" to=":J15_w0" fromLane="0" toLane="0" dir="s" state="M"/>
    <connection from=":J15_w1" to="E13" fromLane="0" toLane="0" dir="s" state="M"/>
    <connection from="-E12" to=":J15_w1" fromLane="0" toLane="0" dir="s" state="M"/>
    <connection from=":J15_w2" to="E12" fromLane="0" toLane="0" dir="s" state="M"/>
    <connection from="-E14" to=":J15_w2" fromLane="0" toLane="0" dir="s" state="M"/>
    <connection from=":J15_w3" to="E14" fromLane="0" toLane="0" dir="s" state="M"/>
    <connection from="E11" to=":J15_w3" fromLane="0" toLane="0" dir="s" state="M"/>
    <connection from=":J16_w0" to="-E12" fromLane="0" toLane="0" dir="s" state="M"/>
    <connection from="E12" to=":J16_w0" fromLane="0" toLane="0" dir="s" state="M"/>
    <connection from=":J17_w0" to="-E13" fromLane="0" toLane="0" dir="s" state="M"/>
    <connection from="E13" to=":J17_w0" fromLane="0" toLane="0" dir="s" state="M"/>
    <connection from=":J18_w0" to="-E14" fromLane="0" toLane="0" dir="s" state="M"/>
    <connection from="E14" to=":J18_w0" fromLane="0" toLane="0" dir="s" state="M"/>
    <connection from=":J19_w0" to="E16" fromLane="0" toLane="0" dir="s" state="M"/>
    <connection from="-E17" to=":J19_w0" fromLane="0" toLane="0" dir="s" state="M"/>
    <connection from=":J19_w1" to="E17" fromLane="0" toLane="0" dir="s" state="M"/>
    <connection from="-E15" to=":J19_w1" fromLane="0" toLane="0" dir="s" state="M"/>
    <connection from=":J19_w2" to="E15" fromLane="0" toLane="0" dir="s" state="M"/>
    <connection from="-E18" to=":J19_w2" fromLane="0" toLane="0" dir="s" state="M"/>
    <connection from=":J19_w3" to="E18" fromLane="0" toLane="0" dir="s" state="M"/>
    <connection from="-E19" to=":J19_w3" fromLane="0" toLane="0" dir="s" state="M"/>
    <connection from=":J19_w4" to="E19" fromLane="0" toLane="0" dir="s" state="M"/>
    <connection from="-E16" to=":J19_w4" fromLane="0" toLane="0" dir="s" state="M"/>
    <connection from=":J2_w0" to="E0" fromLane="0" toLane="0" dir="s" state="M"/>
    <connection from="-E2" to=":J2_w0" fromLane="0" toLane="0" dir="s" state="M"/>
    <connection from=":J2_w1" to="E2" fromLane="0" toLane="0" dir="s" state="M"/>
    <connection from="-E0" to=":J2_w1" fromLane="0" toLane="0" dir="s" state="M"/>
    <connection from=":J20_w0" to="-E15" fromLane="0" toLane="0" dir="s" state="M"/>
    <connection from="E15" to=":J20_w0" fromLane="0" toLane="0" dir="s" state="M"/>
    <connection from=":J21_w0" to="-E16" fromLane="0" toLane="0" dir="s" state="M"/>
    <connection from="E16" to=":J21_w0" fromLane="0" toLane="0" dir="s" state="M"/>
    <connection from=":J22_w0" to="-E17" fromLane="0" toLane="0" dir="s" state="M"/>
    <connection from="E17" to=":J22_w0" fromLane="0" toLane="0" dir="s" state="M"/>
    <connection from=":J23_w0" to="-E18" fromLane="0" toLane="0" dir="s" state="M"/>
    <connection from="E18" to=":J23_w0" fromLane="0" toLane="0" dir="s" state="M"/>
    <connection from=":J24_w0" to="-E19" fromLane="0" toLane="0" dir="s" state="M"/>
    <connection from="E19" to=":J24_w0" fromLane="0" toLane="0" dir="s" state="M"/>
    <connection from=":J3_c0" to=":J3_w0" fromLane="0" toLane="0" dir="s" state="M"/>
    <connection from=":J3_w0" to="-E2" fromLane="0" toLane="0" dir="s" state="M"/>
    <connection from="-E3" to=":J3_w0" fromLane="0" toLane="0" dir="s" state="M"/>
    <connection from=":J3_w1" to=":J3_c0" fromLane="0" toLane="0" dir="s" state="m"/>
    <connection from=":J3_w1" to="E3" fromLane="0" toLane="0" dir="s" state="M"/>
    <connection from="E2" to=":J3_w1" fromLane="0" toLane="0" dir="s" state="M"/>
    <connection from=":J4_w0" to="-E3" fromLane="0" toLane="0" dir="s" state="M"/>
    <connection from="E3" to=":J4_w0" fromLane="0" toLane="0" dir="s" state="M"/>
    <connection from=":J6_w0" to="E4" fromLane="0" toLane="0" dir="s" state="M"/>
    <connection from="-E4" to=":J6_w0" fromLane="0" toLane="0" dir="s" state="M"/>
    <connection from=":J7_w0" to="-E4" fromLane="0" toLane="0" dir="s" state="M"/>
    <connection from="-E5" to=":J7_w0" fromLane="0" toLane="0" dir="s" state="M"/>
    <connection from=":J7_w1" to="E5" fromLane="0" toLane="0" dir="s" state="M"/>
    <connection from="-E6" to=":J7_w1" fromLane="0" toLane="0" dir="s" state="M"/>
    <connection from=":J7_w2" to="E6" fromLane="0" toLane="0" dir="s" state="M"/>
    <connection from="E4" to=":J7_w2" fromLane="0" toLane="0" dir="s" state="M"/>
    <connection from=":J8_w0" to="-E5" fromLane="0" toLane="0" dir="s" state="M"/>
    <connection from="E5" to=":J8_w0" fromLane="0" toLane="0" dir="s" state="M"/>
    <connection from=":J9_w0" to="-E6" fromLane="0" toLane="0" dir="s" state="M"/>
    <connection from="E6" to=":J9_w0" fromLane="0" toLane="0" dir="s" state="M"/>
</net>
