<?xml version="1.0" encoding="UTF-8"?>

<!-- generated on 2023-05-25 13:10:02 by Eclipse SUMO sumo Version 1.17.0
<configuration xmlns:xsi="http://www.w3.org/2001/XMLSchema-instance" xsi:noNamespaceSchemaLocation="http://sumo.dlr.de/xsd/sumoConfiguration.xsd">

    <input>
        <net-file value="/home/gossq/git-projects/scenic-sumo-gui/scenes/allnetworksedit.net.xml"/>
    </input>

    <time>
        <step-length value="0.5"/>
    </time>

    <processing>
        <collision.action value="warn"/>
        <collision.stoptime value="50"/>
        <collision.check-junctions value="true"/>
        <default.action-step-length value="0.5"/>
    </processing>

    <report>
        <no-warnings value="true"/>
        <error-log value="error.txt"/>
        <no-step-log value="true"/>
    </report>

    <traci_server>
        <remote-port value="5522"/>
        <num-clients value="1"/>
    </traci_server>

    <random_number>
        <seed value="333"/>
    </random_number>

    <gui_only>
        <quit-on-end value="true"/>
        <start value="true"/>
        <delay value="50"/>
    </gui_only>

</configuration>
-->

<snapshot xmlns:xsi="http://www.w3.org/2001/XMLSchema-instance" xsi:noNamespaceSchemaLocation="http://sumo.dlr.de/xsd/state_file.xsd" version="1.17.0" time="0.00" type="micro">
    <delay number="0" begin="0" end="0" depart="0.00" time="0.00"/>
    <tlLogic id="J19" programID="0" phase="0" duration="0"/>
</snapshot>
